lg_code,machiaza_id,prc_id,city,ward,oaza_cho,chome,koaza,machiaza_dist,prc_num1,prc_num2,prc_num3,rsdt_addr_flg,prc_rec_flg,prc_area_code,efct_date,ablt_date,src_code,remarks,real_prop_num
133078,0000000,001130000000000,檜原村,,,,,,113,,,0,1,,1947-04-17,,1,,
133078,0000000,001170000000000,檜原村,,,,,,117,,,0,1,,1947-04-17,,1,,
133078,0000000,006160000000000,檜原村,,,,,,616,,,0,1,,1947-04-17,,1,,
133078,0000000,006910000000000,檜原村,,,,,,691,,,0,1,,1947-04-17,,1,,
133078,0000000,007820000100000,檜原村,,,,,,782,1,,0,1,,1947-04-17,,1,,
133078,0000000,007980000000000,檜原村,,,,,,798,,,0,1,,1947-04-17,,1,,
133078,0000000,009790000400000,檜原村,,,,,,979,4,,0,1,,1947-04-17,,1,,
133078,0000000,009790000500000,檜原村,,,,,,979,5,,0,1,,1947-04-17,,1,,
133078,0000000,012020000100000,檜原村,,,,,,1202,1,,0,1,,1947-04-17,,1,,
133078,0000000,012020000200000,檜原村,,,,,,1202,2,,0,1,,1947-04-17,,1,,
133078,0000000,014310000000000,檜原村,,,,,,1431,,,0,1,,1947-04-17,,1,,
133078,0000000,014320000000000,檜原村,,,,,,1432,,,0,1,,1947-04-17,,1,,
133078,0000000,014330000000000,檜原村,,,,,,1433,,,0,1,,1947-04-17,,1,,
133078,0000000,014340000000000,檜原村,,,,,,1434,,,0,1,,1947-04-17,,1,,
133078,0000000,015240000200000,檜原村,,,,,,1524,2,,0,1,,1947-04-17,,1,,
133078,0000000,018110000100000,檜原村,,,,,,1811,1,,0,1,,1947-04-17,,1,,
133078,0000000,018430000000000,檜原村,,,,,,1843,,,0,1,,1947-04-17,,1,,
133078,0000000,018450000300000,檜原村,,,,,,1845,3,,0,1,,1947-04-17,,1,,
133078,0000000,023240000000000,檜原村,,,,,,2324,,,0,1,,1947-04-17,,1,,
133078,0000000,026480000000000,檜原村,,,,,,2648,,,0,1,,1947-04-17,,1,,
133078,0000000,026750000000000,檜原村,,,,,,2675,,,0,1,,1947-04-17,,1,,
133078,0000000,027080000000000,檜原村,,,,,,2708,,,0,1,,1947-04-17,,1,,
133078,0000000,028010000100000,檜原村,,,,,,2801,1,,0,1,,1947-04-17,,1,,
133078,0000000,028030000100000,檜原村,,,,,,2803,1,,0,1,,1947-04-17,,1,,
133078,0000000,028330000000000,檜原村,,,,,,2833,,,0,1,,1947-04-17,,1,,
133078,0000000,028340000000000,檜原村,,,,,,2834,,,0,1,,1947-04-17,,1,,
133078,0000000,028400000000000,檜原村,,,,,,2840,,,0,1,,1947-04-17,,1,,
133078,0000000,028410000000000,檜原村,,,,,,2841,,,0,1,,1947-04-17,,1,,
133078,0000000,028450000000000,檜原村,,,,,,2845,,,0,1,,1947-04-17,,1,,
133078,0000000,029280000000000,檜原村,,,,,,2928,,,0,1,,1947-04-17,,1,,
133078,0000000,031620000200000,檜原村,,,,,,3162,2,,0,1,,1947-04-17,,1,,
133078,0000000,031680000200000,檜原村,,,,,,3168,2,,0,1,,1947-04-17,,1,,
133078,0000000,032140000300000,檜原村,,,,,,3214,3,,0,1,,1947-04-17,,1,,
133078,0000000,032160000000000,檜原村,,,,,,3216,,,0,1,,1947-04-17,,1,,
133078,0000000,037380000100000,檜原村,,,,,,3738,1,,0,1,,1947-04-17,,1,,
133078,0000000,037380000900000,檜原村,,,,,,3738,9,,0,1,,1947-04-17,,1,,
133078,0000000,037380001200000,檜原村,,,,,,3738,12,,0,1,,1947-04-17,,1,,
133078,0000000,037380001300000,檜原村,,,,,,3738,13,,0,1,,1947-04-17,,1,,
133078,0000000,037910000400000,檜原村,,,,,,3791,4,,0,1,,1947-04-17,,1,,
133078,0000000,038090000300000,檜原村,,,,,,3809,3,,0,1,,1947-04-17,,1,,
133078,0000000,038090000600000,檜原村,,,,,,3809,6,,0,1,,1947-04-17,,1,,
133078,0000000,039360000100000,檜原村,,,,,,3936,1,,0,1,,1947-04-17,,1,,
133078,0000000,041850000000000,檜原村,,,,,,4185,,,0,1,,1947-04-17,,1,,
133078,0000000,042850000000000,檜原村,,,,,,4285,,,0,1,,1947-04-17,,1,,
133078,0000000,042860000000000,檜原村,,,,,,4286,,,0,1,,1947-04-17,,1,,
133078,0000000,043240000100000,檜原村,,,,,,4324,1,,0,1,,1947-04-17,,1,,
133078,0000000,043240000200000,檜原村,,,,,,4324,2,,0,1,,1947-04-17,,1,,
133078,0000000,043610000000000,檜原村,,,,,,4361,,,0,1,,1947-04-17,,1,,
133078,0000000,045180000100000,檜原村,,,,,,4518,1,,0,1,,1947-04-17,,1,,
133078,0000000,045180000200000,檜原村,,,,,,4518,2,,0,1,,1947-04-17,,1,,
133078,0000000,045480000100000,檜原村,,,,,,4548,1,,0,1,,1947-04-17,,1,,
133078,0000000,045570000000000,檜原村,,,,,,4557,,,0,1,,1947-04-17,,1,,
133078,0000000,046090000000000,檜原村,,,,,,4609,,,0,1,,1947-04-17,,1,,
133078,0000000,047500000000000,檜原村,,,,,,4750,,,0,1,,1947-04-17,,1,,
133078,0000000,047510000100000,檜原村,,,,,,4751,1,,0,1,,1947-04-17,,1,,
133078,0000000,047660000000000,檜原村,,,,,,4766,,,0,1,,1947-04-17,,1,,
133078,0000000,047670000000000,檜原村,,,,,,4767,,,0,1,,1947-04-17,,1,,
133078,0000000,047680000100000,檜原村,,,,,,4768,1,,0,1,,1947-04-17,,1,,
133078,0000000,047690000000000,檜原村,,,,,,4769,,,0,1,,1947-04-17,,1,,
133078,0000000,047700000000000,檜原村,,,,,,4770,,,0,1,,1947-04-17,,1,,
133078,0000000,047980000100000,檜原村,,,,,,4798,1,,0,1,,1947-04-17,,1,,
133078,0000000,048740000000000,檜原村,,,,,,4874,,,0,1,,1947-04-17,,1,,
133078,0000000,049450000000000,檜原村,,,,,,4945,,,0,1,,1947-04-17,,1,,
133078,0000000,049640000000000,檜原村,,,,,,4964,,,0,1,,1947-04-17,,1,,
133078,0000000,049650000000000,檜原村,,,,,,4965,,,0,1,,1947-04-17,,1,,
133078,0000000,049780000000000,檜原村,,,,,,4978,,,0,1,,1947-04-17,,1,,
133078,0000000,051790000000000,檜原村,,,,,,5179,,,0,1,,1947-04-17,,1,,
133078,0000000,052110000100000,檜原村,,,,,,5211,1,,0,1,,1947-04-17,,1,,
133078,0000000,052110000200000,檜原村,,,,,,5211,2,,0,1,,1947-04-17,,1,,
133078,0000000,052120000200000,檜原村,,,,,,5212,2,,0,1,,1947-04-17,,1,,
133078,0000000,052130000000000,檜原村,,,,,,5213,,,0,1,,1947-04-17,,1,,
133078,0000000,052140000100000,檜原村,,,,,,5214,1,,0,1,,1947-04-17,,1,,
133078,0000000,052140000200000,檜原村,,,,,,5214,2,,0,1,,1947-04-17,,1,,
133078,0000000,052190000000000,檜原村,,,,,,5219,,,0,1,,1947-04-17,,1,,
133078,0000000,052210000000000,檜原村,,,,,,5221,,,0,1,,1947-04-17,,1,,
133078,0000000,052220000000000,檜原村,,,,,,5222,,,0,1,,1947-04-17,,1,,
133078,0000000,052230000100000,檜原村,,,,,,5223,1,,0,1,,1947-04-17,,1,,
133078,0000000,052240000200000,檜原村,,,,,,5224,2,,0,1,,1947-04-17,,1,,
133078,0000000,052270000000000,檜原村,,,,,,5227,,,0,1,,1947-04-17,,1,,
133078,0000000,052280000000000,檜原村,,,,,,5228,,,0,1,,1947-04-17,,1,,
133078,0000000,052360000100000,檜原村,,,,,,5236,1,,0,1,,1947-04-17,,1,,
133078,0000000,052370000100000,檜原村,,,,,,5237,1,,0,1,,1947-04-17,,1,,
133078,0000000,052390000100000,檜原村,,,,,,5239,1,,0,1,,1947-04-17,,1,,
133078,0000000,052400000000000,檜原村,,,,,,5240,,,0,1,,1947-04-17,,1,,
133078,0000000,052410000100000,檜原村,,,,,,5241,1,,0,1,,1947-04-17,,1,,
133078,0000000,052440000000000,檜原村,,,,,,5244,,,0,1,,1947-04-17,,1,,
133078,0000000,052450000000000,檜原村,,,,,,5245,,,0,1,,1947-04-17,,1,,
133078,0000000,052470000000000,檜原村,,,,,,5247,,,0,1,,1947-04-17,,1,,
133078,0000000,052480000000000,檜原村,,,,,,5248,,,0,1,,1947-04-17,,1,,
133078,0000000,052520000000000,檜原村,,,,,,5252,,,0,1,,1947-04-17,,1,,
133078,0000000,052530000000000,檜原村,,,,,,5253,,,0,1,,1947-04-17,,1,,
133078,0000000,052540000000000,檜原村,,,,,,5254,,,0,1,,1947-04-17,,1,,
133078,0000000,052580000000000,檜原村,,,,,,5258,,,0,1,,1947-04-17,,1,,
133078,0000000,052640000300000,檜原村,,,,,,5264,3,,0,1,,1947-04-17,,1,,
133078,0000000,052840000000000,檜原村,,,,,,5284,,,0,1,,1947-04-17,,1,,
133078,0000000,052890000000000,檜原村,,,,,,5289,,,0,1,,1947-04-17,,1,,
133078,0000000,053060000000000,檜原村,,,,,,5306,,,0,1,,1947-04-17,,1,,
133078,0000000,053070000000000,檜原村,,,,,,5307,,,0,1,,1947-04-17,,1,,
133078,0000000,053080000100000,檜原村,,,,,,5308,1,,0,1,,1947-04-17,,1,,
133078,0000000,053080000300000,檜原村,,,,,,5308,3,,0,1,,1947-04-17,,1,,
133078,0000000,053090000000000,檜原村,,,,,,5309,,,0,1,,1947-04-17,,1,,
133078,0000000,053100000000000,檜原村,,,,,,5310,,,0,1,,1947-04-17,,1,,
133078,0000000,053110000000000,檜原村,,,,,,5311,,,0,1,,1947-04-17,,1,,
133078,0000000,053130000000000,檜原村,,,,,,5313,,,0,1,,1947-04-17,,1,,
133078,0000000,053150000000000,檜原村,,,,,,5315,,,0,1,,1947-04-17,,1,,
133078,0000000,053240000000000,檜原村,,,,,,5324,,,0,1,,1947-04-17,,1,,
133078,0000000,053300000000000,檜原村,,,,,,5330,,,0,1,,1947-04-17,,1,,
133078,0000000,053370000100000,檜原村,,,,,,5337,1,,0,1,,1947-04-17,,1,,
133078,0000000,053510000100000,檜原村,,,,,,5351,1,,0,1,,1947-04-17,,1,,
133078,0000000,053520000100000,檜原村,,,,,,5352,1,,0,1,,1947-04-17,,1,,
133078,0000000,053690000000000,檜原村,,,,,,5369,,,0,1,,1947-04-17,,1,,
133078,0000000,053810000000000,檜原村,,,,,,5381,,,0,1,,1947-04-17,,1,,
133078,0000000,053840000000000,檜原村,,,,,,5384,,,0,1,,1947-04-17,,1,,
133078,0000000,053860000000000,檜原村,,,,,,5386,,,0,1,,1947-04-17,,1,,
133078,0000000,053870000000000,檜原村,,,,,,5387,,,0,1,,1947-04-17,,1,,
133078,0000000,053900000000000,檜原村,,,,,,5390,,,0,1,,1947-04-17,,1,,
133078,0000000,054060000000000,檜原村,,,,,,5406,,,0,1,,1947-04-17,,1,,
133078,0000000,054130000000000,檜原村,,,,,,5413,,,0,1,,1947-04-17,,1,,
133078,0000000,054190000100000,檜原村,,,,,,5419,1,,0,1,,1947-04-17,,1,,
133078,0000000,054210000100000,檜原村,,,,,,5421,1,,0,1,,1947-04-17,,1,,
133078,0000000,054350000000000,檜原村,,,,,,5435,,,0,1,,1947-04-17,,1,,
133078,0000000,054380000000000,檜原村,,,,,,5438,,,0,1,,1947-04-17,,1,,
133078,0000000,054600000100000,檜原村,,,,,,5460,1,,0,1,,1947-04-17,,1,,
133078,0000000,055110000100000,檜原村,,,,,,5511,1,,0,1,,1947-04-17,,1,,
133078,0000000,055220000000000,檜原村,,,,,,5522,,,0,1,,1947-04-17,,1,,
133078,0000000,055270000200000,檜原村,,,,,,5527,2,,0,1,,1947-04-17,,1,,
133078,0000000,055290000000000,檜原村,,,,,,5529,,,0,1,,1947-04-17,,1,,
133078,0000000,055300000200000,檜原村,,,,,,5530,2,,0,1,,1947-04-17,,1,,
133078,0000000,055330000000000,檜原村,,,,,,5533,,,0,1,,1947-04-17,,1,,
133078,0000000,055410000000000,檜原村,,,,,,5541,,,0,1,,1947-04-17,,1,,
133078,0000000,055420000100000,檜原村,,,,,,5542,1,,0,1,,1947-04-17,,1,,
133078,0000000,055430000100000,檜原村,,,,,,5543,1,,0,1,,1947-04-17,,1,,
133078,0000000,055430000200000,檜原村,,,,,,5543,2,,0,1,,1947-04-17,,1,,
133078,0000000,055540000700000,檜原村,,,,,,5554,7,,0,1,,1947-04-17,,1,,
133078,0000000,055540001300000,檜原村,,,,,,5554,13,,0,1,,1947-04-17,,1,,
133078,0000000,055850000100000,檜原村,,,,,,5585,1,,0,1,,1947-04-17,,1,,
133078,0000000,056570000100000,檜原村,,,,,,5657,1,,0,1,,1947-04-17,,1,,
133078,0000000,056610000000000,檜原村,,,,,,5661,,,0,1,,1947-04-17,,1,,
133078,0000000,056700000300000,檜原村,,,,,,5670,3,,0,1,,1947-04-17,,1,,
133078,0000000,056800000000000,檜原村,,,,,,5680,,,0,1,,1947-04-17,,1,,
133078,0000000,056840000000000,檜原村,,,,,,5684,,,0,1,,1947-04-17,,1,,
133078,0000000,056850000000000,檜原村,,,,,,5685,,,0,1,,1947-04-17,,1,,
133078,0000000,056870000100000,檜原村,,,,,,5687,1,,0,1,,1947-04-17,,1,,
133078,0000000,056870000200000,檜原村,,,,,,5687,2,,0,1,,1947-04-17,,1,,
133078,0000000,056880000000000,檜原村,,,,,,5688,,,0,1,,1947-04-17,,1,,
133078,0000000,056920000100000,檜原村,,,,,,5692,1,,0,1,,1947-04-17,,1,,
133078,0000000,056920000300000,檜原村,,,,,,5692,3,,0,1,,1947-04-17,,1,,
133078,0000000,056930000000000,檜原村,,,,,,5693,,,0,1,,1947-04-17,,1,,
133078,0000000,056940000000000,檜原村,,,,,,5694,,,0,1,,1947-04-17,,1,,
133078,0000000,056950000000000,檜原村,,,,,,5695,,,0,1,,1947-04-17,,1,,
133078,0000000,057060000100000,檜原村,,,,,,5706,1,,0,1,,1947-04-17,,1,,
133078,0000000,057310000000000,檜原村,,,,,,5731,,,0,1,,1947-04-17,,1,,
133078,0000000,057460000000000,檜原村,,,,,,5746,,,0,1,,1947-04-17,,1,,
133078,0000000,057740000100000,檜原村,,,,,,5774,1,,0,1,,1947-04-17,,1,,
133078,0000000,057740000200000,檜原村,,,,,,5774,2,,0,1,,1947-04-17,,1,,
133078,0000000,058220000000000,檜原村,,,,,,5822,,,0,1,,1947-04-17,,1,,
133078,0000000,058410000000000,檜原村,,,,,,5841,,,0,1,,1947-04-17,,1,,
133078,0000000,059000000000000,檜原村,,,,,,5900,,,0,1,,1947-04-17,,1,,
133078,0000000,059450000000000,檜原村,,,,,,5945,,,0,1,,1947-04-17,,1,,
133078,0000000,059600000000000,檜原村,,,,,,5960,,,0,1,,1947-04-17,,1,,
133078,0000000,059740000100000,檜原村,,,,,,5974,1,,0,1,,1947-04-17,,1,,
133078,0000000,059740000200000,檜原村,,,,,,5974,2,,0,1,,1947-04-17,,1,,
133078,0000000,059740000400000,檜原村,,,,,,5974,4,,0,1,,1947-04-17,,1,,
133078,0000000,059740000500000,檜原村,,,,,,5974,5,,0,1,,1947-04-17,,1,,
133078,0000000,059740000600000,檜原村,,,,,,5974,6,,0,1,,1947-04-17,,1,,
133078,0000000,059760000000000,檜原村,,,,,,5976,,,0,1,,1947-04-17,,1,,
133078,0000000,059770000100000,檜原村,,,,,,5977,1,,0,1,,1947-04-17,,1,,
133078,0000000,059770000200000,檜原村,,,,,,5977,2,,0,1,,1947-04-17,,1,,
133078,0000000,059770000300000,檜原村,,,,,,5977,3,,0,1,,1947-04-17,,1,,
133078,0000000,059810000000000,檜原村,,,,,,5981,,,0,1,,1947-04-17,,1,,
133078,0000000,059880000100000,檜原村,,,,,,5988,1,,0,1,,1947-04-17,,1,,
133078,0000000,059910000000000,檜原村,,,,,,5991,,,0,1,,1947-04-17,,1,,
133078,0000000,060280000100000,檜原村,,,,,,6028,1,,0,1,,1947-04-17,,1,,
133078,0000000,060450000000000,檜原村,,,,,,6045,,,0,1,,1947-04-17,,1,,
133078,0000000,060500000000000,檜原村,,,,,,6050,,,0,1,,1947-04-17,,1,,
133078,0000000,060770000200000,檜原村,,,,,,6077,2,,0,1,,1947-04-17,,1,,
133078,0000000,061120000000000,檜原村,,,,,,6112,,,0,1,,1947-04-17,,1,,
133078,0000000,061130000000000,檜原村,,,,,,6113,,,0,1,,1947-04-17,,1,,
133078,0000000,061140000000000,檜原村,,,,,,6114,,,0,1,,1947-04-17,,1,,
133078,0000000,061150000000000,檜原村,,,,,,6115,,,0,1,,1947-04-17,,1,,
133078,0000000,061160000100000,檜原村,,,,,,6116,1,,0,1,,1947-04-17,,1,,
133078,0000000,061180000100000,檜原村,,,,,,6118,1,,0,1,,1947-04-17,,1,,
133078,0000000,061200000100000,檜原村,,,,,,6120,1,,0,1,,1947-04-17,,1,,
133078,0000000,061200000200000,檜原村,,,,,,6120,2,,0,1,,1947-04-17,,1,,
133078,0000000,061560000000000,檜原村,,,,,,6156,,,0,1,,1947-04-17,,1,,
133078,0000000,061620000000000,檜原村,,,,,,6162,,,0,1,,1947-04-17,,1,,
133078,0000000,061640000000000,檜原村,,,,,,6164,,,0,1,,1947-04-17,,1,,
133078,0000000,061660000000000,檜原村,,,,,,6166,,,0,1,,1947-04-17,,1,,
133078,0000000,061670000000000,檜原村,,,,,,6167,,,0,1,,1947-04-17,,1,,
133078,0000000,061680000000000,檜原村,,,,,,6168,,,0,1,,1947-04-17,,1,,
133078,0000000,061700000100000,檜原村,,,,,,6170,1,,0,1,,1947-04-17,,1,,
133078,0000000,061730000000000,檜原村,,,,,,6173,,,0,1,,1947-04-17,,1,,
133078,0000000,061740000000000,檜原村,,,,,,6174,,,0,1,,1947-04-17,,1,,
133078,0000000,061790000100000,檜原村,,,,,,6179,1,,0,1,,1947-04-17,,1,,
133078,0000000,061910000100000,檜原村,,,,,,6191,1,,0,1,,1947-04-17,,1,,
133078,0000000,061980000000000,檜原村,,,,,,6198,,,0,1,,1947-04-17,,1,,
133078,0000000,062250000000000,檜原村,,,,,,6225,,,0,1,,1947-04-17,,1,,
133078,0000000,062260000100000,檜原村,,,,,,6226,1,,0,1,,1947-04-17,,1,,
133078,0000000,062280000100000,檜原村,,,,,,6228,1,,0,1,,1947-04-17,,1,,
133078,0000000,062320000000000,檜原村,,,,,,6232,,,0,1,,1947-04-17,,1,,
133078,0000000,062340000000000,檜原村,,,,,,6234,,,0,1,,1947-04-17,,1,,
133078,0000000,062450000000000,檜原村,,,,,,6245,,,0,1,,1947-04-17,,1,,
133078,0000000,062500000000000,檜原村,,,,,,6250,,,0,1,,1947-04-17,,1,,
133078,0000000,062980000000000,檜原村,,,,,,6298,,,0,1,,1947-04-17,,1,,
133078,0000000,063210000000000,檜原村,,,,,,6321,,,0,1,,1947-04-17,,1,,
133078,0000000,063250000000000,檜原村,,,,,,6325,,,0,1,,1947-04-17,,1,,
133078,0000000,063270000000000,檜原村,,,,,,6327,,,0,1,,1947-04-17,,1,,
133078,0000000,063440000300000,檜原村,,,,,,6344,3,,0,1,,1947-04-17,,1,,
133078,0000000,063440000400000,檜原村,,,,,,6344,4,,0,1,,1947-04-17,,1,,
133078,0000000,063450000000000,檜原村,,,,,,6345,,,0,1,,1947-04-17,,1,,
133078,0000000,063600000100000,檜原村,,,,,,6360,1,,0,1,,1947-04-17,,1,,
133078,0000000,063710000000000,檜原村,,,,,,6371,,,0,1,,1947-04-17,,1,,
133078,0000000,063770000000000,檜原村,,,,,,6377,,,0,1,,1947-04-17,,1,,
133078,0000000,063780000000000,檜原村,,,,,,6378,,,0,1,,1947-04-17,,1,,
133078,0000000,063910000100000,檜原村,,,,,,6391,1,,0,1,,1947-04-17,,1,,
133078,0000000,064030000100000,檜原村,,,,,,6403,1,,0,1,,1947-04-17,,1,,
133078,0000000,064040000000000,檜原村,,,,,,6404,,,0,1,,1947-04-17,,1,,
133078,0000000,064060000100000,檜原村,,,,,,6406,1,,0,1,,1947-04-17,,1,,
133078,0000000,064060000300000,檜原村,,,,,,6406,3,,0,1,,1947-04-17,,1,,
133078,0000000,064070000000000,檜原村,,,,,,6407,,,0,1,,1947-04-17,,1,,
133078,0000000,064090000000000,檜原村,,,,,,6409,,,0,1,,1947-04-17,,1,,
133078,0000000,064100000000000,檜原村,,,,,,6410,,,0,1,,1947-04-17,,1,,
133078,0000000,064150000000000,檜原村,,,,,,6415,,,0,1,,1947-04-17,,1,,
133078,0000000,064200000000000,檜原村,,,,,,6420,,,0,1,,1947-04-17,,1,,
133078,0000000,064270000000000,檜原村,,,,,,6427,,,0,1,,1947-04-17,,1,,
133078,0000000,064280000100000,檜原村,,,,,,6428,1,,0,1,,1947-04-17,,1,,
133078,0000000,064340000100000,檜原村,,,,,,6434,1,,0,1,,1947-04-17,,1,,
133078,0000000,064410000000000,檜原村,,,,,,6441,,,0,1,,1947-04-17,,1,,
133078,0000000,064460000000000,檜原村,,,,,,6446,,,0,1,,1947-04-17,,1,,
133078,0000000,064700000100000,檜原村,,,,,,6470,1,,0,1,,1947-04-17,,1,,
133078,0000000,064700000200000,檜原村,,,,,,6470,2,,0,1,,1947-04-17,,1,,
133078,0000000,064760000000000,檜原村,,,,,,6476,,,0,1,,1947-04-17,,1,,
133078,0000000,064820000000000,檜原村,,,,,,6482,,,0,1,,1947-04-17,,1,,
133078,0000000,064910000000000,檜原村,,,,,,6491,,,0,1,,1947-04-17,,1,,
133078,0000000,065410000000000,檜原村,,,,,,6541,,,0,1,,1947-04-17,,1,,
133078,0000000,065500000000000,檜原村,,,,,,6550,,,0,1,,1947-04-17,,1,,
133078,0000000,065530000000000,檜原村,,,,,,6553,,,0,1,,1947-04-17,,1,,
133078,0000000,065750000000000,檜原村,,,,,,6575,,,0,1,,1947-04-17,,1,,
133078,0000000,065880000000000,檜原村,,,,,,6588,,,0,1,,1947-04-17,,1,,
133078,0000000,066150000100000,檜原村,,,,,,6615,1,,0,1,,1947-04-17,,1,,
133078,0000000,066170000000000,檜原村,,,,,,6617,,,0,1,,1947-04-17,,1,,
133078,0000000,066210000100000,檜原村,,,,,,6621,1,,0,1,,1947-04-17,,1,,
133078,0000000,066230000100000,檜原村,,,,,,6623,1,,0,1,,1947-04-17,,1,,
133078,0000000,066290000200000,檜原村,,,,,,6629,2,,0,1,,1947-04-17,,1,,
133078,0000000,066490000000000,檜原村,,,,,,6649,,,0,1,,1947-04-17,,1,,
133078,0000000,066540000300000,檜原村,,,,,,6654,3,,0,1,,1947-04-17,,1,,
133078,0000000,066640000000000,檜原村,,,,,,6664,,,0,1,,1947-04-17,,1,,
133078,0000000,066730000100000,檜原村,,,,,,6673,1,,0,1,,1947-04-17,,1,,
133078,0000000,066840000000000,檜原村,,,,,,6684,,,0,1,,1947-04-17,,1,,
133078,0000000,067000000100000,檜原村,,,,,,6700,1,,0,1,,1947-04-17,,1,,
133078,0000000,067010000100000,檜原村,,,,,,6701,1,,0,1,,1947-04-17,,1,,
133078,0000000,067020000000000,檜原村,,,,,,6702,,,0,1,,1947-04-17,,1,,
133078,0000000,067040000100000,檜原村,,,,,,6704,1,,0,1,,1947-04-17,,1,,
133078,0000000,067040000200000,檜原村,,,,,,6704,2,,0,1,,1947-04-17,,1,,
133078,0000000,067050000000000,檜原村,,,,,,6705,,,0,1,,1947-04-17,,1,,
133078,0000000,067060000200000,檜原村,,,,,,6706,2,,0,1,,1947-04-17,,1,,
133078,0000000,067080000100000,檜原村,,,,,,6708,1,,0,1,,1947-04-17,,1,,
133078,0000000,067090000000000,檜原村,,,,,,6709,,,0,1,,1947-04-17,,1,,
133078,0000000,067100000000000,檜原村,,,,,,6710,,,0,1,,1947-04-17,,1,,
133078,0000000,067130000000000,檜原村,,,,,,6713,,,0,1,,1947-04-17,,1,,
133078,0000000,067160000100000,檜原村,,,,,,6716,1,,0,1,,1947-04-17,,1,,
133078,0000000,067540000000000,檜原村,,,,,,6754,,,0,1,,1947-04-17,,1,,
133078,0000000,067570000000000,檜原村,,,,,,6757,,,0,1,,1947-04-17,,1,,
133078,0000000,067600000000000,檜原村,,,,,,6760,,,0,1,,1947-04-17,,1,,
133078,0000000,067610000100000,檜原村,,,,,,6761,1,,0,1,,1947-04-17,,1,,
133078,0000000,067610000200000,檜原村,,,,,,6761,2,,0,1,,1947-04-17,,1,,
133078,0000000,067620000100000,檜原村,,,,,,6762,1,,0,1,,1947-04-17,,1,,
133078,0000000,067620000200000,檜原村,,,,,,6762,2,,0,1,,1947-04-17,,1,,
133078,0000000,067630000000000,檜原村,,,,,,6763,,,0,1,,1947-04-17,,1,,
133078,0000000,067640000000000,檜原村,,,,,,6764,,,0,1,,1947-04-17,,1,,
133078,0000000,067700000000000,檜原村,,,,,,6770,,,0,1,,1947-04-17,,1,,
133078,0000000,068150000100000,檜原村,,,,,,6815,1,,0,1,,1947-04-17,,1,,
133078,0000000,068150000900000,檜原村,,,,,,6815,9,,0,1,,1947-04-17,,1,,
133078,0000000,068150001000000,檜原村,,,,,,6815,10,,0,1,,1947-04-17,,1,,
133078,0000000,068160000000000,檜原村,,,,,,6816,,,0,1,,1947-04-17,,1,,
133078,0000000,068170000100000,檜原村,,,,,,6817,1,,0,1,,1947-04-17,,1,,
133078,0000000,068170000200000,檜原村,,,,,,6817,2,,0,1,,1947-04-17,,1,,
133078,0000000,068180000000000,檜原村,,,,,,6818,,,0,1,,1947-04-17,,1,,
133078,0000000,068190000200000,檜原村,,,,,,6819,2,,0,1,,1947-04-17,,1,,
133078,0000000,068210000000000,檜原村,,,,,,6821,,,0,1,,1947-04-17,,1,,
133078,0000000,068220000100000,檜原村,,,,,,6822,1,,0,1,,1947-04-17,,1,,
133078,0000000,068220000200000,檜原村,,,,,,6822,2,,0,1,,1947-04-17,,1,,
133078,0000000,068220000300000,檜原村,,,,,,6822,3,,0,1,,1947-04-17,,1,,
133078,0000000,068230000100000,檜原村,,,,,,6823,1,,0,1,,1947-04-17,,1,,
133078,0000000,068310000000000,檜原村,,,,,,6831,,,0,1,,1947-04-17,,1,,
133078,0000000,068680000000000,檜原村,,,,,,6868,,,0,1,,1947-04-17,,1,,
133078,0000000,068710000000000,檜原村,,,,,,6871,,,0,1,,1947-04-17,,1,,
133078,0000000,068720000000000,檜原村,,,,,,6872,,,0,1,,1947-04-17,,1,,
133078,0000000,068740000100000,檜原村,,,,,,6874,1,,0,1,,1947-04-17,,1,,
133078,0000000,068740000400000,檜原村,,,,,,6874,4,,0,1,,1947-04-17,,1,,
133078,0000000,068780000000000,檜原村,,,,,,6878,,,0,1,,1947-04-17,,1,,
133078,0000000,068810000000000,檜原村,,,,,,6881,,,0,1,,1947-04-17,,1,,
133078,0000000,068820000000000,檜原村,,,,,,6882,,,0,1,,1947-04-17,,1,,
133078,0000000,068850000000000,檜原村,,,,,,6885,,,0,1,,1947-04-17,,1,,
133078,0000000,068880000000000,檜原村,,,,,,6888,,,0,1,,1947-04-17,,1,,
133078,0000000,068940000100000,檜原村,,,,,,6894,1,,0,1,,1947-04-17,,1,,
133078,0000000,069000000500000,檜原村,,,,,,6900,5,,0,1,,1947-04-17,,1,,
133078,0000000,069010000000000,檜原村,,,,,,6901,,,0,1,,1947-04-17,,1,,
133078,0000000,069050000100000,檜原村,,,,,,6905,1,,0,1,,1947-04-17,,1,,
133078,0000000,069060000100000,檜原村,,,,,,6906,1,,0,1,,1947-04-17,,1,,
133078,0000000,069300000000000,檜原村,,,,,,6930,,,0,1,,1947-04-17,,1,,
133078,0000000,069350000100000,檜原村,,,,,,6935,1,,0,1,,1947-04-17,,1,,
133078,0000000,069360000000000,檜原村,,,,,,6936,,,0,1,,1947-04-17,,1,,
133078,0000000,069370000200000,檜原村,,,,,,6937,2,,0,1,,1947-04-17,,1,,
133078,0000000,069380000000000,檜原村,,,,,,6938,,,0,1,,1947-04-17,,1,,
133078,0000000,069390000000000,檜原村,,,,,,6939,,,0,1,,1947-04-17,,1,,
133078,0000000,069400000100000,檜原村,,,,,,6940,1,,0,1,,1947-04-17,,1,,
133078,0000000,069420000100000,檜原村,,,,,,6942,1,,0,1,,1947-04-17,,1,,
133078,0000000,069500000100000,檜原村,,,,,,6950,1,,0,1,,1947-04-17,,1,,
133078,0000000,069510000100000,檜原村,,,,,,6951,1,,0,1,,1947-04-17,,1,,
133078,0000000,069520000100000,檜原村,,,,,,6952,1,,0,1,,1947-04-17,,1,,
133078,0000000,069520001000000,檜原村,,,,,,6952,10,,0,1,,1947-04-17,,1,,
133078,0000000,069520001100000,檜原村,,,,,,6952,11,,0,1,,1947-04-17,,1,,
133078,0000000,069520001200000,檜原村,,,,,,6952,12,,0,1,,1947-04-17,,1,,
133078,0000000,069520001300000,檜原村,,,,,,6952,13,,0,1,,1947-04-17,,1,,
133078,0000000,069520001400000,檜原村,,,,,,6952,14,,0,1,,1947-04-17,,1,,
133078,0000000,069520001600000,檜原村,,,,,,6952,16,,0,1,,1947-04-17,,1,,
133078,0000000,069520001700000,檜原村,,,,,,6952,17,,0,1,,1947-04-17,,1,,
133078,0000000,069520001900000,檜原村,,,,,,6952,19,,0,1,,1947-04-17,,1,,
133078,0000000,069700000100000,檜原村,,,,,,6970,1,,0,1,,1947-04-17,,1,,
133078,0000000,069710000000000,檜原村,,,,,,6971,,,0,1,,1947-04-17,,1,,
133078,0000000,069750000100000,檜原村,,,,,,6975,1,,0,1,,1947-04-17,,1,,
133078,0000000,069760000100000,檜原村,,,,,,6976,1,,0,1,,1947-04-17,,1,,
133078,0000000,069770000100000,檜原村,,,,,,6977,1,,0,1,,1947-04-17,,1,,
133078,0000000,069820000100000,檜原村,,,,,,6982,1,,0,1,,1947-04-17,,1,,
133078,0000000,069830000000000,檜原村,,,,,,6983,,,0,1,,1947-04-17,,1,,
133078,0000000,069840000000000,檜原村,,,,,,6984,,,0,1,,1947-04-17,,1,,
133078,0000000,069850000000000,檜原村,,,,,,6985,,,0,1,,1947-04-17,,1,,
133078,0000000,069870000000000,檜原村,,,,,,6987,,,0,1,,1947-04-17,,1,,
133078,0000000,069890000000000,檜原村,,,,,,6989,,,0,1,,1947-04-17,,1,,
133078,0000000,069900000000000,檜原村,,,,,,6990,,,0,1,,1947-04-17,,1,,
133078,0000000,069910000000000,檜原村,,,,,,6991,,,0,1,,1947-04-17,,1,,
133078,0000000,069920000000000,檜原村,,,,,,6992,,,0,1,,1947-04-17,,1,,
133078,0000000,069960000000000,檜原村,,,,,,6996,,,0,1,,1947-04-17,,1,,
133078,0000000,070050000000000,檜原村,,,,,,7005,,,0,1,,1947-04-17,,1,,
133078,0000000,070080000100000,檜原村,,,,,,7008,1,,0,1,,1947-04-17,,1,,
133078,0000000,070130000000000,檜原村,,,,,,7013,,,0,1,,1947-04-17,,1,,
133078,0000000,070150000000000,檜原村,,,,,,7015,,,0,1,,1947-04-17,,1,,
133078,0000000,070160000100000,檜原村,,,,,,7016,1,,0,1,,1947-04-17,,1,,
133078,0000000,070170000100000,檜原村,,,,,,7017,1,,0,1,,1947-04-17,,1,,
133078,0000000,070180000100000,檜原村,,,,,,7018,1,,0,1,,1947-04-17,,1,,
133078,0000000,070530000000000,檜原村,,,,,,7053,,,0,1,,1947-04-17,,1,,
133078,0000000,070530000100000,檜原村,,,,,,7053,1,,0,1,,1947-04-17,,1,,
133078,0000000,070530000200000,檜原村,,,,,,7053,2,,0,1,,1947-04-17,,1,,
133078,0000000,070540000100000,檜原村,,,,,,7054,1,,0,1,,1947-04-17,,1,,
133078,0000000,070550000100000,檜原村,,,,,,7055,1,,0,1,,1947-04-17,,1,,
133078,0000000,070560000000000,檜原村,,,,,,7056,,,0,1,,1947-04-17,,1,,
133078,0000000,070580000000000,檜原村,,,,,,7058,,,0,1,,1947-04-17,,1,,
133078,0000000,070670000100000,檜原村,,,,,,7067,1,,0,1,,1947-04-17,,1,,
133078,0000000,070770000100000,檜原村,,,,,,7077,1,,0,1,,1947-04-17,,1,,
133078,0000000,070810000100000,檜原村,,,,,,7081,1,,0,1,,1947-04-17,,1,,
133078,0000000,070820000000000,檜原村,,,,,,7082,,,0,1,,1947-04-17,,1,,
133078,0000000,070830000100000,檜原村,,,,,,7083,1,,0,1,,1947-04-17,,1,,
133078,0000000,070920000000000,檜原村,,,,,,7092,,,0,1,,1947-04-17,,1,,
133078,0000000,070930000100000,檜原村,,,,,,7093,1,,0,1,,1947-04-17,,1,,
133078,0000000,070930000200000,檜原村,,,,,,7093,2,,0,1,,1947-04-17,,1,,
133078,0000000,070930000300000,檜原村,,,,,,7093,3,,0,1,,1947-04-17,,1,,
133078,0000000,070940000100000,檜原村,,,,,,7094,1,,0,1,,1947-04-17,,1,,
133078,0000000,070940000200000,檜原村,,,,,,7094,2,,0,1,,1947-04-17,,1,,
133078,0000000,070940000300000,檜原村,,,,,,7094,3,,0,1,,1947-04-17,,1,,
133078,0000000,070940000600000,檜原村,,,,,,7094,6,,0,1,,1947-04-17,,1,,
133078,0000000,070940000700000,檜原村,,,,,,7094,7,,0,1,,1947-04-17,,1,,
133078,0000000,070940000800000,檜原村,,,,,,7094,8,,0,1,,1947-04-17,,1,,
133078,0000000,070940001000000,檜原村,,,,,,7094,10,,0,1,,1947-04-17,,1,,
133078,0000000,070950000100000,檜原村,,,,,,7095,1,,0,1,,1947-04-17,,1,,
133078,0000000,070950000200000,檜原村,,,,,,7095,2,,0,1,,1947-04-17,,1,,
133078,0000000,070950000500000,檜原村,,,,,,7095,5,,0,1,,1947-04-17,,1,,
133078,0000000,070960000200000,檜原村,,,,,,7096,2,,0,1,,1947-04-17,,1,,
133078,0000000,070960000300000,檜原村,,,,,,7096,3,,0,1,,1947-04-17,,1,,
133078,0000000,070960000400000,檜原村,,,,,,7096,4,,0,1,,1947-04-17,,1,,
133078,0000000,070970000200000,檜原村,,,,,,7097,2,,0,1,,1947-04-17,,1,,
133078,0000000,070970000300000,檜原村,,,,,,7097,3,,0,1,,1947-04-17,,1,,
133078,0000000,070970000400000,檜原村,,,,,,7097,4,,0,1,,1947-04-17,,1,,
133078,0000000,070970000500000,檜原村,,,,,,7097,5,,0,1,,1947-04-17,,1,,
133078,0000000,070970000600000,檜原村,,,,,,7097,6,,0,1,,1947-04-17,,1,,
133078,0000000,070980000100000,檜原村,,,,,,7098,1,,0,1,,1947-04-17,,1,,
133078,0000000,070990000200000,檜原村,,,,,,7099,2,,0,1,,1947-04-17,,1,,
133078,0000000,071000000000000,檜原村,,,,,,7100,,,0,1,,1947-04-17,,1,,
133078,0000000,071010000000000,檜原村,,,,,,7101,,,0,1,,1947-04-17,,1,,
133078,0000000,071100000000000,檜原村,,,,,,7110,,,0,1,,1947-04-17,,1,,
133078,0000000,071120000000000,檜原村,,,,,,7112,,,0,1,,1947-04-17,,1,,
133078,0000000,071250000000000,檜原村,,,,,,7125,,,0,1,,1947-04-17,,1,,
133078,0000000,071260000000000,檜原村,,,,,,7126,,,0,1,,1947-04-17,,1,,
133078,0000000,071320000000000,檜原村,,,,,,7132,,,0,1,,1947-04-17,,1,,
133078,0000000,071360000000000,檜原村,,,,,,7136,,,0,1,,1947-04-17,,1,,
133078,0000000,071400000100000,檜原村,,,,,,7140,1,,0,1,,1947-04-17,,1,,
133078,0000000,071440000000000,檜原村,,,,,,7144,,,0,1,,1947-04-17,,1,,
133078,0000000,071450000100000,檜原村,,,,,,7145,1,,0,1,,1947-04-17,,1,,
133078,0000000,071450000200000,檜原村,,,,,,7145,2,,0,1,,1947-04-17,,1,,
133078,0000000,071460000100000,檜原村,,,,,,7146,1,,0,1,,1947-04-17,,1,,
133078,0000000,071460000300000,檜原村,,,,,,7146,3,,0,1,,1947-04-17,,1,,
133078,0000000,071530000000000,檜原村,,,,,,7153,,,0,1,,1947-04-17,,1,,
133078,0000000,072050000000000,檜原村,,,,,,7205,,,0,1,,1947-04-17,,1,,
133078,0000000,072140000000000,檜原村,,,,,,7214,,,0,1,,1947-04-17,,1,,
133078,0000000,072220000000000,檜原村,,,,,,7222,,,0,1,,1947-04-17,,1,,
133078,0000000,072290000000000,檜原村,,,,,,7229,,,0,1,,1947-04-17,,1,,
133078,0000000,072440000100000,檜原村,,,,,,7244,1,,0,1,,1947-04-17,,1,,
133078,0000000,072450000000000,檜原村,,,,,,7245,,,0,1,,1947-04-17,,1,,
133078,0000000,072650000000000,檜原村,,,,,,7265,,,0,1,,1947-04-17,,1,,
133078,0000000,072660000000000,檜原村,,,,,,7266,,,0,1,,1947-04-17,,1,,
133078,0000000,072850000200000,檜原村,,,,,,7285,2,,0,1,,1947-04-17,,1,,
133078,0000000,072850000300000,檜原村,,,,,,7285,3,,0,1,,1947-04-17,,1,,
133078,0000000,074110000000000,檜原村,,,,,,7411,,,0,1,,1947-04-17,,1,,
133078,0000000,074120000000000,檜原村,,,,,,7412,,,0,1,,1947-04-17,,1,,
133078,0000000,074130000000000,檜原村,,,,,,7413,,,0,1,,1947-04-17,,1,,
133078,0000000,074200000000000,檜原村,,,,,,7420,,,0,1,,1947-04-17,,1,,
133078,0000000,074220000000000,檜原村,,,,,,7422,,,0,1,,1947-04-17,,1,,
133078,0000000,074230000000000,檜原村,,,,,,7423,,,0,1,,1947-04-17,,1,,
133078,0000000,074240000000000,檜原村,,,,,,7424,,,0,1,,1947-04-17,,1,,
133078,0000000,074260000100000,檜原村,,,,,,7426,1,,0,1,,1947-04-17,,1,,
133078,0000000,074270000100000,檜原村,,,,,,7427,1,,0,1,,1947-04-17,,1,,
133078,0000000,074270000300000,檜原村,,,,,,7427,3,,0,1,,1947-04-17,,1,,
133078,0000000,074280000000000,檜原村,,,,,,7428,,,0,1,,1947-04-17,,1,,
133078,0000000,074290000000000,檜原村,,,,,,7429,,,0,1,,1947-04-17,,1,,
133078,0000000,074300000000000,檜原村,,,,,,7430,,,0,1,,1947-04-17,,1,,
133078,0000000,074310000200000,檜原村,,,,,,7431,2,,0,1,,1947-04-17,,1,,
133078,0000000,074320000000000,檜原村,,,,,,7432,,,0,1,,1947-04-17,,1,,
133078,0000000,074330000000000,檜原村,,,,,,7433,,,0,1,,1947-04-17,,1,,
133078,0000000,074340000000000,檜原村,,,,,,7434,,,0,1,,1947-04-17,,1,,
133078,0000000,074360000100000,檜原村,,,,,,7436,1,,0,1,,1947-04-17,,1,,
133078,0000000,074360000200000,檜原村,,,,,,7436,2,,0,1,,1947-04-17,,1,,
133078,0000000,074370000000000,檜原村,,,,,,7437,,,0,1,,1947-04-17,,1,,
133078,0000000,074420000100000,檜原村,,,,,,7442,1,,0,1,,1947-04-17,,1,,
133078,0000000,074420000200000,檜原村,,,,,,7442,2,,0,1,,1947-04-17,,1,,
133078,0000000,074420000300000,檜原村,,,,,,7442,3,,0,1,,1947-04-17,,1,,
133078,0000000,074430000000000,檜原村,,,,,,7443,,,0,1,,1947-04-17,,1,,
133078,0000000,074470000000000,檜原村,,,,,,7447,,,0,1,,1947-04-17,,1,,
133078,0000000,074530000000000,檜原村,,,,,,7453,,,0,1,,1947-04-17,,1,,
133078,0000000,074620000100000,檜原村,,,,,,7462,1,,0,1,,1947-04-17,,1,,
133078,0000000,074620000500000,檜原村,,,,,,7462,5,,0,1,,1947-04-17,,1,,
133078,0000000,074650000000000,檜原村,,,,,,7465,,,0,1,,1947-04-17,,1,,
133078,0000000,074660000000000,檜原村,,,,,,7466,,,0,1,,1947-04-17,,1,,
133078,0000000,074680000000000,檜原村,,,,,,7468,,,0,1,,1947-04-17,,1,,
133078,0000000,074700000000000,檜原村,,,,,,7470,,,0,1,,1947-04-17,,1,,
133078,0000000,074820000100000,檜原村,,,,,,7482,1,,0,1,,1947-04-17,,1,,
133078,0000000,074820000600000,檜原村,,,,,,7482,6,,0,1,,1947-04-17,,1,,
133078,0000000,075090000000000,檜原村,,,,,,7509,,,0,1,,1947-04-17,,1,,
133078,0000000,075150000100000,檜原村,,,,,,7515,1,,0,1,,1947-04-17,,1,,
133078,0000000,075290000000000,檜原村,,,,,,7529,,,0,1,,1947-04-17,,1,,
133078,0000000,075750000100000,檜原村,,,,,,7575,1,,0,1,,1947-04-17,,1,,
133078,0000000,076190000000000,檜原村,,,,,,7619,,,0,1,,1947-04-17,,1,,
133078,0000000,076560000000000,檜原村,,,,,,7656,,,0,1,,1947-04-17,,1,,
133078,0000000,076770000000000,檜原村,,,,,,7677,,,0,1,,1947-04-17,,1,,
133078,0000000,077290000200000,檜原村,,,,,,7729,2,,0,1,,1947-04-17,,1,,
133078,0000000,077790000100000,檜原村,,,,,,7779,1,,0,1,,1947-04-17,,1,,
133078,0000000,078130000000000,檜原村,,,,,,7813,,,0,1,,1947-04-17,,1,,
133078,0000000,078670000000000,檜原村,,,,,,7867,,,0,1,,1947-04-17,,1,,
133078,0000000,078680000000000,檜原村,,,,,,7868,,,0,1,,1947-04-17,,1,,
133078,0000000,078690000000000,檜原村,,,,,,7869,,,0,1,,1947-04-17,,1,,
133078,0000000,078700000000000,檜原村,,,,,,7870,,,0,1,,1947-04-17,,1,,
133078,0000000,078710000000000,檜原村,,,,,,7871,,,0,1,,1947-04-17,,1,,
133078,0000000,078720000000000,檜原村,,,,,,7872,,,0,1,,1947-04-17,,1,,
133078,0000000,078760000000000,檜原村,,,,,,7876,,,0,1,,1947-04-17,,1,,
133078,0000000,078770000000000,檜原村,,,,,,7877,,,0,1,,1947-04-17,,1,,
133078,0000000,078780000000000,檜原村,,,,,,7878,,,0,1,,1947-04-17,,1,,
133078,0000000,078790000100000,檜原村,,,,,,7879,1,,0,1,,1947-04-17,,1,,
133078,0000000,078790000200000,檜原村,,,,,,7879,2,,0,1,,1947-04-17,,1,,
133078,0000000,078800000000000,檜原村,,,,,,7880,,,0,1,,1947-04-17,,1,,
133078,0000000,078810000000000,檜原村,,,,,,7881,,,0,1,,1947-04-17,,1,,
133078,0000000,078940000000000,檜原村,,,,,,7894,,,0,1,,1947-04-17,,1,,
133078,0000000,078960000000000,檜原村,,,,,,7896,,,0,1,,1947-04-17,,1,,
133078,0000000,080090000100000,檜原村,,,,,,8009,1,,0,1,,1947-04-17,,1,,
133078,0000000,080170000100000,檜原村,,,,,,8017,1,,0,1,,1947-04-17,,1,,
133078,0000000,080170000700000,檜原村,,,,,,8017,7,,0,1,,1947-04-17,,1,,
133078,0000000,080190000100000,檜原村,,,,,,8019,1,,0,1,,1947-04-17,,1,,
133078,0000000,080200000100000,檜原村,,,,,,8020,1,,0,1,,1947-04-17,,1,,
133078,0000000,080210000000000,檜原村,,,,,,8021,,,0,1,,1947-04-17,,1,,
133078,0000000,080230000000000,檜原村,,,,,,8023,,,0,1,,1947-04-17,,1,,
133078,0000000,080250000100000,檜原村,,,,,,8025,1,,0,1,,1947-04-17,,1,,
133078,0000000,080260000100000,檜原村,,,,,,8026,1,,0,1,,1947-04-17,,1,,
133078,0000000,080260000200000,檜原村,,,,,,8026,2,,0,1,,1947-04-17,,1,,
133078,0000000,080270000100000,檜原村,,,,,,8027,1,,0,1,,1947-04-17,,1,,
133078,0000000,080270000200000,檜原村,,,,,,8027,2,,0,1,,1947-04-17,,1,,
133078,0000000,080280000000000,檜原村,,,,,,8028,,,0,1,,1947-04-17,,1,,
133078,0000000,080290000000000,檜原村,,,,,,8029,,,0,1,,1947-04-17,,1,,
133078,0000000,080300000100000,檜原村,,,,,,8030,1,,0,1,,1947-04-17,,1,,
133078,0000000,080300000200000,檜原村,,,,,,8030,2,,0,1,,1947-04-17,,1,,
133078,0000000,080310000200000,檜原村,,,,,,8031,2,,0,1,,1947-04-17,,1,,
133078,0000000,080330000100000,檜原村,,,,,,8033,1,,0,1,,1947-04-17,,1,,
133078,0000000,080380000100000,檜原村,,,,,,8038,1,,0,1,,1947-04-17,,1,,
133078,0000000,080480000000000,檜原村,,,,,,8048,,,0,1,,1947-04-17,,1,,
133078,0000000,080550000000000,檜原村,,,,,,8055,,,0,1,,1947-04-17,,1,,
133078,0000000,080560000000000,檜原村,,,,,,8056,,,0,1,,1947-04-17,,1,,
133078,0000000,080610000100000,檜原村,,,,,,8061,1,,0,1,,1947-04-17,,1,,
133078,0000000,080710000000000,檜原村,,,,,,8071,,,0,1,,1947-04-17,,1,,
133078,0000000,080730000000000,檜原村,,,,,,8073,,,0,1,,1947-04-17,,1,,
133078,0000000,080740000000000,檜原村,,,,,,8074,,,0,1,,1947-04-17,,1,,
133078,0000000,080750000000000,檜原村,,,,,,8075,,,0,1,,1947-04-17,,1,,
133078,0000000,080760000000000,檜原村,,,,,,8076,,,0,1,,1947-04-17,,1,,
133078,0000000,080770000000000,檜原村,,,,,,8077,,,0,1,,1947-04-17,,1,,
133078,0000000,080780000000000,檜原村,,,,,,8078,,,0,1,,1947-04-17,,1,,
133078,0000000,080800000000000,檜原村,,,,,,8080,,,0,1,,1947-04-17,,1,,
133078,0000000,080810000300000,檜原村,,,,,,8081,3,,0,1,,1947-04-17,,1,,
133078,0000000,080810000400000,檜原村,,,,,,8081,4,,0,1,,1947-04-17,,1,,
133078,0000000,080810000500000,檜原村,,,,,,8081,5,,0,1,,1947-04-17,,1,,
133078,0000000,080870000000000,檜原村,,,,,,8087,,,0,1,,1947-04-17,,1,,
133078,0000000,081250000000000,檜原村,,,,,,8125,,,0,1,,1947-04-17,,1,,
133078,0000000,081280000000000,檜原村,,,,,,8128,,,0,1,,1947-04-17,,1,,
133078,0000000,081310000000000,檜原村,,,,,,8131,,,0,1,,1947-04-17,,1,,
133078,0000000,081320000100000,檜原村,,,,,,8132,1,,0,1,,1947-04-17,,1,,
133078,0000000,081350000000000,檜原村,,,,,,8135,,,0,1,,1947-04-17,,1,,
133078,0000000,081360000000000,檜原村,,,,,,8136,,,0,1,,1947-04-17,,1,,
133078,0000000,081510000000000,檜原村,,,,,,8151,,,0,1,,1947-04-17,,1,,
133078,0000000,081550000100000,檜原村,,,,,,8155,1,,0,1,,1947-04-17,,1,,
133078,0000000,081560000000000,檜原村,,,,,,8156,,,0,1,,1947-04-17,,1,,
133078,0000000,081570000000000,檜原村,,,,,,8157,,,0,1,,1947-04-17,,1,,
133078,0000000,081580000000000,檜原村,,,,,,8158,,,0,1,,1947-04-17,,1,,
133078,0000000,081600000000000,檜原村,,,,,,8160,,,0,1,,1947-04-17,,1,,
133078,0000000,081610000000000,檜原村,,,,,,8161,,,0,1,,1947-04-17,,1,,
133078,0000000,081660000000000,檜原村,,,,,,8166,,,0,1,,1947-04-17,,1,,
133078,0000000,081680000000000,檜原村,,,,,,8168,,,0,1,,1947-04-17,,1,,
133078,0000000,081690000100000,檜原村,,,,,,8169,1,,0,1,,1947-04-17,,1,,
133078,0000000,081700000000000,檜原村,,,,,,8170,,,0,1,,1947-04-17,,1,,
133078,0000000,081710000100000,檜原村,,,,,,8171,1,,0,1,,1947-04-17,,1,,
133078,0000000,081710000200000,檜原村,,,,,,8171,2,,0,1,,1947-04-17,,1,,
133078,0000000,081720000000000,檜原村,,,,,,8172,,,0,1,,1947-04-17,,1,,
133078,0000000,081730000000000,檜原村,,,,,,8173,,,0,1,,1947-04-17,,1,,
133078,0000000,081740000000000,檜原村,,,,,,8174,,,0,1,,1947-04-17,,1,,
133078,0000000,081750000000000,檜原村,,,,,,8175,,,0,1,,1947-04-17,,1,,
133078,0000000,081760000000000,檜原村,,,,,,8176,,,0,1,,1947-04-17,,1,,
133078,0000000,081780000000000,檜原村,,,,,,8178,,,0,1,,1947-04-17,,1,,
133078,0000000,081800000000000,檜原村,,,,,,8180,,,0,1,,1947-04-17,,1,,
133078,0000000,081810000000000,檜原村,,,,,,8181,,,0,1,,1947-04-17,,1,,
133078,0000000,081820000000000,檜原村,,,,,,8182,,,0,1,,1947-04-17,,1,,
133078,0000000,081830000000000,檜原村,,,,,,8183,,,0,1,,1947-04-17,,1,,
133078,0000000,081840000000000,檜原村,,,,,,8184,,,0,1,,1947-04-17,,1,,
133078,0000000,081850000100000,檜原村,,,,,,8185,1,,0,1,,1947-04-17,,1,,
133078,0000000,081850000200000,檜原村,,,,,,8185,2,,0,1,,1947-04-17,,1,,
133078,0000000,081850000300000,檜原村,,,,,,8185,3,,0,1,,1947-04-17,,1,,
133078,0000000,081860000000000,檜原村,,,,,,8186,,,0,1,,1947-04-17,,1,,
133078,0000000,081870000000000,檜原村,,,,,,8187,,,0,1,,1947-04-17,,1,,
133078,0000000,081880000200000,檜原村,,,,,,8188,2,,0,1,,1947-04-17,,1,,
133078,0000000,081880000300000,檜原村,,,,,,8188,3,,0,1,,1947-04-17,,1,,
133078,0000000,081880000400000,檜原村,,,,,,8188,4,,0,1,,1947-04-17,,1,,
133078,0000000,081880000500000,檜原村,,,,,,8188,5,,0,1,,1947-04-17,,1,,
133078,0000000,081880000600000,檜原村,,,,,,8188,6,,0,1,,1947-04-17,,1,,
133078,0000000,081880001300000,檜原村,,,,,,8188,13,,0,1,,1947-04-17,,1,,
133078,0000000,081880001500000,檜原村,,,,,,8188,15,,0,1,,1947-04-17,,1,,
133078,0000000,081880001600000,檜原村,,,,,,8188,16,,0,1,,1947-04-17,,1,,
133078,0000000,081880002400000,檜原村,,,,,,8188,24,,0,1,,1947-04-17,,1,,
133078,0000000,081890000000000,檜原村,,,,,,8189,,,0,1,,1947-04-17,,1,,
133078,0000000,081960000200000,檜原村,,,,,,8196,2,,0,1,,1947-04-17,,1,,
133078,0000000,081990000200000,檜原村,,,,,,8199,2,,0,1,,1947-04-17,,1,,
133078,0000000,082560000000000,檜原村,,,,,,8256,,,0,1,,1947-04-17,,1,,
133078,0000000,082720000000000,檜原村,,,,,,8272,,,0,1,,1947-04-17,,1,,
133078,0000000,082890000000000,檜原村,,,,,,8289,,,0,1,,1947-04-17,,1,,
133078,0000000,082970000000000,檜原村,,,,,,8297,,,0,1,,1947-04-17,,1,,
133078,0000000,082990000000000,檜原村,,,,,,8299,,,0,1,,1947-04-17,,1,,
133078,0000000,083010000000000,檜原村,,,,,,8301,,,0,1,,1947-04-17,,1,,
133078,0000000,083020000000000,檜原村,,,,,,8302,,,0,1,,1947-04-17,,1,,
133078,0000000,083030000000000,檜原村,,,,,,8303,,,0,1,,1947-04-17,,1,,
133078,0000000,083050000000000,檜原村,,,,,,8305,,,0,1,,1947-04-17,,1,,
133078,0000000,083060000000000,檜原村,,,,,,8306,,,0,1,,1947-04-17,,1,,
133078,0000000,083070000000000,檜原村,,,,,,8307,,,0,1,,1947-04-17,,1,,
133078,0000000,083080000000000,檜原村,,,,,,8308,,,0,1,,1947-04-17,,1,,
133078,0000000,083130000000000,檜原村,,,,,,8313,,,0,1,,1947-04-17,,1,,
133078,0000000,083250000100000,檜原村,,,,,,8325,1,,0,1,,1947-04-17,,1,,
133078,0000000,083340000200000,檜原村,,,,,,8334,2,,0,1,,1947-04-17,,1,,
133078,0000000,083360000000000,檜原村,,,,,,8336,,,0,1,,1947-04-17,,1,,
133078,0000000,083370000000000,檜原村,,,,,,8337,,,0,1,,1947-04-17,,1,,
133078,0000000,083390000100000,檜原村,,,,,,8339,1,,0,1,,1947-04-17,,1,,
133078,0000000,083390000200000,檜原村,,,,,,8339,2,,0,1,,1947-04-17,,1,,
133078,0000000,083430000100000,檜原村,,,,,,8343,1,,0,1,,1947-04-17,,1,,
133078,0000000,083430000200000,檜原村,,,,,,8343,2,,0,1,,1947-04-17,,1,,
133078,0000000,083520000100000,檜原村,,,,,,8352,1,,0,1,,1947-04-17,,1,,
133078,0000000,083520000300000,檜原村,,,,,,8352,3,,0,1,,1947-04-17,,1,,
133078,0000000,083540000100000,檜原村,,,,,,8354,1,,0,1,,1947-04-17,,1,,
133078,0000000,083540000200000,檜原村,,,,,,8354,2,,0,1,,1947-04-17,,1,,
133078,0000000,083560000000000,檜原村,,,,,,8356,,,0,1,,1947-04-17,,1,,
133078,0000000,083580000000000,檜原村,,,,,,8358,,,0,1,,1947-04-17,,1,,
133078,0000000,083660000000000,檜原村,,,,,,8366,,,0,1,,1947-04-17,,1,,
133078,0000000,084270000100000,檜原村,,,,,,8427,1,,0,1,,1947-04-17,,1,,
133078,0000000,084270000200000,檜原村,,,,,,8427,2,,0,1,,1947-04-17,,1,,
133078,0000000,084270000300000,檜原村,,,,,,8427,3,,0,1,,1947-04-17,,1,,
133078,0000000,084370000000000,檜原村,,,,,,8437,,,0,1,,1947-04-17,,1,,
133078,0000000,084380000000000,檜原村,,,,,,8438,,,0,1,,1947-04-17,,1,,
133078,0000000,084390000000000,檜原村,,,,,,8439,,,0,1,,1947-04-17,,1,,
133078,0000000,084640000000000,檜原村,,,,,,8464,,,0,1,,1947-04-17,,1,,
133078,0000000,084990000000000,檜原村,,,,,,8499,,,0,1,,1947-04-17,,1,,
133078,0000000,085000000000000,檜原村,,,,,,8500,,,0,1,,1947-04-17,,1,,
133078,0000000,085010000000000,檜原村,,,,,,8501,,,0,1,,1947-04-17,,1,,
133078,0000000,085090000000000,檜原村,,,,,,8509,,,0,1,,1947-04-17,,1,,
133078,0000000,085130000100000,檜原村,,,,,,8513,1,,0,1,,1947-04-17,,1,,
133078,0000000,085140000200000,檜原村,,,,,,8514,2,,0,1,,1947-04-17,,1,,
133078,0000000,085150000100000,檜原村,,,,,,8515,1,,0,1,,1947-04-17,,1,,
133078,0000000,085160000000000,檜原村,,,,,,8516,,,0,1,,1947-04-17,,1,,
133078,0000000,085210000000000,檜原村,,,,,,8521,,,0,1,,1947-04-17,,1,,
133078,0000000,085220000100000,檜原村,,,,,,8522,1,,0,1,,1947-04-17,,1,,
133078,0000000,085770000000000,檜原村,,,,,,8577,,,0,1,,1947-04-17,,1,,
133078,0000000,085800000000000,檜原村,,,,,,8580,,,0,1,,1947-04-17,,1,,
133078,0000000,085820000000000,檜原村,,,,,,8582,,,0,1,,1947-04-17,,1,,
133078,0000000,085830000000000,檜原村,,,,,,8583,,,0,1,,1947-04-17,,1,,
133078,0000000,085860000000000,檜原村,,,,,,8586,,,0,1,,1947-04-17,,1,,
133078,0000000,085890000000000,檜原村,,,,,,8589,,,0,1,,1947-04-17,,1,,
133078,0000000,085900000100000,檜原村,,,,,,8590,1,,0,1,,1947-04-17,,1,,
133078,0000000,086020000000000,檜原村,,,,,,8602,,,0,1,,1947-04-17,,1,,
133078,0000000,086130000000000,檜原村,,,,,,8613,,,0,1,,1947-04-17,,1,,
133078,0000000,086330000000000,檜原村,,,,,,8633,,,0,1,,1947-04-17,,1,,
133078,0000000,086340000000000,檜原村,,,,,,8634,,,0,1,,1947-04-17,,1,,
133078,0000000,086350000000000,檜原村,,,,,,8635,,,0,1,,1947-04-17,,1,,
133078,0000000,086360000000000,檜原村,,,,,,8636,,,0,1,,1947-04-17,,1,,
133078,0000000,086400000100000,檜原村,,,,,,8640,1,,0,1,,1947-04-17,,1,,
133078,0000000,086400000200000,檜原村,,,,,,8640,2,,0,1,,1947-04-17,,1,,
133078,0000000,086400000400000,檜原村,,,,,,8640,4,,0,1,,1947-04-17,,1,,
133078,0000000,086430000100000,檜原村,,,,,,8643,1,,0,1,,1947-04-17,,1,,
133078,0000000,086530000000000,檜原村,,,,,,8653,,,0,1,,1947-04-17,,1,,
133078,0000000,086580000000000,檜原村,,,,,,8658,,,0,1,,1947-04-17,,1,,
133078,0000000,086680000100000,檜原村,,,,,,8668,1,,0,1,,1947-04-17,,1,,
133078,0000000,086680000200000,檜原村,,,,,,8668,2,,0,1,,1947-04-17,,1,,
133078,0000000,086700000100000,檜原村,,,,,,8670,1,,0,1,,1947-04-17,,1,,
133078,0000000,086700000200000,檜原村,,,,,,8670,2,,0,1,,1947-04-17,,1,,
133078,0000000,086710000000000,檜原村,,,,,,8671,,,0,1,,1947-04-17,,1,,
133078,0000000,086720000000000,檜原村,,,,,,8672,,,0,1,,1947-04-17,,1,,
133078,0000000,086730000100000,檜原村,,,,,,8673,1,,0,1,,1947-04-17,,1,,
133078,0000000,086800000000000,檜原村,,,,,,8680,,,0,1,,1947-04-17,,1,,
133078,0000000,086870000000000,檜原村,,,,,,8687,,,0,1,,1947-04-17,,1,,
133078,0000000,086890000100000,檜原村,,,,,,8689,1,,0,1,,1947-04-17,,1,,
133078,0000000,086900000100000,檜原村,,,,,,8690,1,,0,1,,1947-04-17,,1,,
133078,0000000,086910000000000,檜原村,,,,,,8691,,,0,1,,1947-04-17,,1,,
133078,0000000,086930000100000,檜原村,,,,,,8693,1,,0,1,,1947-04-17,,1,,
133078,0000000,086940000100000,檜原村,,,,,,8694,1,,0,1,,1947-04-17,,1,,
133078,0000000,087510000000000,檜原村,,,,,,8751,,,0,1,,1947-04-17,,1,,
133078,0000000,087690000100000,檜原村,,,,,,8769,1,,0,1,,1947-04-17,,1,,
133078,0000000,087740000000000,檜原村,,,,,,8774,,,0,1,,1947-04-17,,1,,
133078,0000000,087760000000000,檜原村,,,,,,8776,,,0,1,,1947-04-17,,1,,
133078,0000000,087770000300000,檜原村,,,,,,8777,3,,0,1,,1947-04-17,,1,,
133078,0000000,087770000500000,檜原村,,,,,,8777,5,,0,1,,1947-04-17,,1,,
133078,0000000,087780000100000,檜原村,,,,,,8778,1,,0,1,,1947-04-17,,1,,
133078,0000000,088020000100000,檜原村,,,,,,8802,1,,0,1,,1947-04-17,,1,,
133078,0000000,088200000100000,檜原村,,,,,,8820,1,,0,1,,1947-04-17,,1,,
133078,0000000,088210000100000,檜原村,,,,,,8821,1,,0,1,,1947-04-17,,1,,
133078,0000000,088220000100000,檜原村,,,,,,8822,1,,0,1,,1947-04-17,,1,,
133078,0000000,088250000100000,檜原村,,,,,,8825,1,,0,1,,1947-04-17,,1,,
133078,0000000,088280000000000,檜原村,,,,,,8828,,,0,1,,1947-04-17,,1,,
133078,0000000,088320000000000,檜原村,,,,,,8832,,,0,1,,1947-04-17,,1,,
133078,0000000,088380000100000,檜原村,,,,,,8838,1,,0,1,,1947-04-17,,1,,
133078,0000000,088470000100000,檜原村,,,,,,8847,1,,0,1,,1947-04-17,,1,,
133078,0000000,088480000000000,檜原村,,,,,,8848,,,0,1,,1947-04-17,,1,,
133078,0000000,088520000000000,檜原村,,,,,,8852,,,0,1,,1947-04-17,,1,,
133078,0000000,088530000000000,檜原村,,,,,,8853,,,0,1,,1947-04-17,,1,,
133078,0000000,088550000000000,檜原村,,,,,,8855,,,0,1,,1947-04-17,,1,,
133078,0000000,088560000100000,檜原村,,,,,,8856,1,,0,1,,1947-04-17,,1,,
133078,0000000,088590000000000,檜原村,,,,,,8859,,,0,1,,1947-04-17,,1,,
133078,0000000,088600000000000,檜原村,,,,,,8860,,,0,1,,1947-04-17,,1,,
133078,0000000,088630000200000,檜原村,,,,,,8863,2,,0,1,,1947-04-17,,1,,
133078,0000000,088660000000000,檜原村,,,,,,8866,,,0,1,,1947-04-17,,1,,
133078,0000000,088680000000000,檜原村,,,,,,8868,,,0,1,,1947-04-17,,1,,
133078,0000000,088710000100000,檜原村,,,,,,8871,1,,0,1,,1947-04-17,,1,,
133078,0000000,088960000000000,檜原村,,,,,,8896,,,0,1,,1947-04-17,,1,,
133078,0000000,089080000100000,檜原村,,,,,,8908,1,,0,1,,1947-04-17,,1,,
133078,0000000,089380000000000,檜原村,,,,,,8938,,,0,1,,1947-04-17,,1,,
133078,0000000,089520000000000,檜原村,,,,,,8952,,,0,1,,1947-04-17,,1,,
133078,0000000,090370000100000,檜原村,,,,,,9037,1,,0,1,,1947-04-17,,1,,
133078,0000000,090400000000000,檜原村,,,,,,9040,,,0,1,,1947-04-17,,1,,
133078,0000000,090410000000000,檜原村,,,,,,9041,,,0,1,,1947-04-17,,1,,
133078,0000000,090420000000000,檜原村,,,,,,9042,,,0,1,,1947-04-17,,1,,
133078,0000000,090430000000000,檜原村,,,,,,9043,,,0,1,,1947-04-17,,1,,
133078,0000000,090450000000000,檜原村,,,,,,9045,,,0,1,,1947-04-17,,1,,
133078,0000000,090460000100000,檜原村,,,,,,9046,1,,0,1,,1947-04-17,,1,,
133078,0000000,090460000200000,檜原村,,,,,,9046,2,,0,1,,1947-04-17,,1,,
133078,0000000,090470000000000,檜原村,,,,,,9047,,,0,1,,1947-04-17,,1,,
133078,0000000,090490000100000,檜原村,,,,,,9049,1,,0,1,,1947-04-17,,1,,
133078,0000000,090520000000000,檜原村,,,,,,9052,,,0,1,,1947-04-17,,1,,
133078,0000000,090530000000000,檜原村,,,,,,9053,,,0,1,,1947-04-17,,1,,
133078,0000000,090540000000000,檜原村,,,,,,9054,,,0,1,,1947-04-17,,1,,
133078,0000000,090550000100000,檜原村,,,,,,9055,1,,0,1,,1947-04-17,,1,,
133078,0000000,090560000100000,檜原村,,,,,,9056,1,,0,1,,1947-04-17,,1,,
133078,0000000,090580000100000,檜原村,,,,,,9058,1,,0,1,,1947-04-17,,1,,
133078,0000000,090750000000000,檜原村,,,,,,9075,,,0,1,,1947-04-17,,1,,
133078,0000000,090780000000000,檜原村,,,,,,9078,,,0,1,,1947-04-17,,1,,
133078,0000000,090790000100000,檜原村,,,,,,9079,1,,0,1,,1947-04-17,,1,,
133078,0000000,090800000000000,檜原村,,,,,,9080,,,0,1,,1947-04-17,,1,,
133078,0000000,090810000100000,檜原村,,,,,,9081,1,,0,1,,1947-04-17,,1,,
133078,0000000,090810000200000,檜原村,,,,,,9081,2,,0,1,,1947-04-17,,1,,
133078,0000000,090830000000000,檜原村,,,,,,9083,,,0,1,,1947-04-17,,1,,
133078,0000000,090850000000000,檜原村,,,,,,9085,,,0,1,,1947-04-17,,1,,
133078,0000000,090860000000000,檜原村,,,,,,9086,,,0,1,,1947-04-17,,1,,
133078,0000000,090870000000000,檜原村,,,,,,9087,,,0,1,,1947-04-17,,1,,
133078,0000000,090880000100000,檜原村,,,,,,9088,1,,0,1,,1947-04-17,,1,,
133078,0000000,090890000000000,檜原村,,,,,,9089,,,0,1,,1947-04-17,,1,,
133078,0000000,090910000000000,檜原村,,,,,,9091,,,0,1,,1947-04-17,,1,,
133078,0000000,091010000100000,檜原村,,,,,,9101,1,,0,1,,1947-04-17,,1,,
133078,0000000,091050000000000,檜原村,,,,,,9105,,,0,1,,1947-04-17,,1,,
133078,0000000,091060000000000,檜原村,,,,,,9106,,,0,1,,1947-04-17,,1,,
133078,0000000,091070000100000,檜原村,,,,,,9107,1,,0,1,,1947-04-17,,1,,
133078,0000000,091440000000000,檜原村,,,,,,9144,,,0,1,,1947-04-17,,1,,
133078,0000000,091460000000000,檜原村,,,,,,9146,,,0,1,,1947-04-17,,1,,
133078,0000000,091480000000000,檜原村,,,,,,9148,,,0,1,,1947-04-17,,1,,
133078,0000000,091490000000000,檜原村,,,,,,9149,,,0,1,,1947-04-17,,1,,
133078,0000000,091500000000000,檜原村,,,,,,9150,,,0,1,,1947-04-17,,1,,
133078,0000000,091530000000000,檜原村,,,,,,9153,,,0,1,,1947-04-17,,1,,
133078,0000000,091550000000000,檜原村,,,,,,9155,,,0,1,,1947-04-17,,1,,
133078,0000000,091630000100000,檜原村,,,,,,9163,1,,0,1,,1947-04-17,,1,,
133078,0000000,091800000100000,檜原村,,,,,,9180,1,,0,1,,1947-04-17,,1,,
133078,0000000,091830004600000,檜原村,,,,,,9183,46,,0,1,,1947-04-17,,1,,
133078,0000000,091830004700000,檜原村,,,,,,9183,47,,0,1,,1947-04-17,,1,,
133078,0000000,091830004800000,檜原村,,,,,,9183,48,,0,1,,1947-04-17,,1,,
133078,0000000,091830004900000,檜原村,,,,,,9183,49,,0,1,,1947-04-17,,1,,
133078,0000000,091830005000000,檜原村,,,,,,9183,50,,0,1,,1947-04-17,,1,,
133078,0000000,091890000000000,檜原村,,,,,,9189,,,0,1,,1947-04-17,,1,,
133078,0000000,091900000000000,檜原村,,,,,,9190,,,0,1,,1947-04-17,,1,,
133078,0000000,091920000100000,檜原村,,,,,,9192,1,,0,1,,1947-04-17,,1,,
133078,0000000,091950000100000,檜原村,,,,,,9195,1,,0,1,,1947-04-17,,1,,
133078,0000000,091950000200000,檜原村,,,,,,9195,2,,0,1,,1947-04-17,,1,,
133078,0000000,091950000300000,檜原村,,,,,,9195,3,,0,1,,1947-04-17,,1,,
133078,0000000,091950000400000,檜原村,,,,,,9195,4,,0,1,,1947-04-17,,1,,
133078,0000000,091950000500000,檜原村,,,,,,9195,5,,0,1,,1947-04-17,,1,,
133078,0000000,091950000600000,檜原村,,,,,,9195,6,,0,1,,1947-04-17,,1,,
133078,0000000,091950000700000,檜原村,,,,,,9195,7,,0,1,,1947-04-17,,1,,
133078,0000000,091950000800000,檜原村,,,,,,9195,8,,0,1,,1947-04-17,,1,,
133078,0000000,091950000900000,檜原村,,,,,,9195,9,,0,1,,1947-04-17,,1,,
133078,0000000,091950001000000,檜原村,,,,,,9195,10,,0,1,,1947-04-17,,1,,
133078,0000000,091950001100000,檜原村,,,,,,9195,11,,0,1,,1947-04-17,,1,,
133078,0000000,091950001200000,檜原村,,,,,,9195,12,,0,1,,1947-04-17,,1,,
133078,0000000,091950001300000,檜原村,,,,,,9195,13,,0,1,,1947-04-17,,1,,
133078,0000000,091950001400000,檜原村,,,,,,9195,14,,0,1,,1947-04-17,,1,,
133078,0000000,091950001500000,檜原村,,,,,,9195,15,,0,1,,1947-04-17,,1,,
133078,0000000,091950001600000,檜原村,,,,,,9195,16,,0,1,,1947-04-17,,1,,
133078,0000000,091950001700000,檜原村,,,,,,9195,17,,0,1,,1947-04-17,,1,,
133078,0000000,091950001800000,檜原村,,,,,,9195,18,,0,1,,1947-04-17,,1,,
133078,0000000,091950001900000,檜原村,,,,,,9195,19,,0,1,,1947-04-17,,1,,
133078,0000000,091950002000000,檜原村,,,,,,9195,20,,0,1,,1947-04-17,,1,,
133078,0000000,091950002100000,檜原村,,,,,,9195,21,,0,1,,1947-04-17,,1,,
133078,0000000,091950002200000,檜原村,,,,,,9195,22,,0,1,,1947-04-17,,1,,
133078,0000000,091950002300000,檜原村,,,,,,9195,23,,0,1,,1947-04-17,,1,,
133078,0000000,091950002400000,檜原村,,,,,,9195,24,,0,1,,1947-04-17,,1,,
133078,0000000,091950002500000,檜原村,,,,,,9195,25,,0,1,,1947-04-17,,1,,
133078,0000000,091950002600000,檜原村,,,,,,9195,26,,0,1,,1947-04-17,,1,,
133078,0000000,091950002700000,檜原村,,,,,,9195,27,,0,1,,1947-04-17,,1,,
133078,0000000,091950002800000,檜原村,,,,,,9195,28,,0,1,,1947-04-17,,1,,
133078,0000000,091950002900000,檜原村,,,,,,9195,29,,0,1,,1947-04-17,,1,,
133078,0000000,091950003000000,檜原村,,,,,,9195,30,,0,1,,1947-04-17,,1,,
133078,0000000,091950003100000,檜原村,,,,,,9195,31,,0,1,,1947-04-17,,1,,
133078,0000000,091970000000000,檜原村,,,,,,9197,,,0,1,,1947-04-17,,1,,
133078,0000000,091980000000000,檜原村,,,,,,9198,,,0,1,,1947-04-17,,1,,
133078,0000000,091990000100000,檜原村,,,,,,9199,1,,0,1,,1947-04-17,,1,,
133078,0000000,092000000100000,檜原村,,,,,,9200,1,,0,1,,1947-04-17,,1,,
133078,0000000,092010000000000,檜原村,,,,,,9201,,,0,1,,1947-04-17,,1,,
133078,0000000,092020000000000,檜原村,,,,,,9202,,,0,1,,1947-04-17,,1,,
133078,0000000,092030000000000,檜原村,,,,,,9203,,,0,1,,1947-04-17,,1,,
133078,0000000,092040000100000,檜原村,,,,,,9204,1,,0,1,,1947-04-17,,1,,
133078,0000000,092050000000000,檜原村,,,,,,9205,,,0,1,,1947-04-17,,1,,
133078,0000000,092080000000000,檜原村,,,,,,9208,,,0,1,,1947-04-17,,1,,
133078,0000000,092090000100000,檜原村,,,,,,9209,1,,0,1,,1947-04-17,,1,,
133078,0000000,092090000200000,檜原村,,,,,,9209,2,,0,1,,1947-04-17,,1,,
133078,0000000,092100000100000,檜原村,,,,,,9210,1,,0,1,,1947-04-17,,1,,
133078,0000000,092140000300000,檜原村,,,,,,9214,3,,0,1,,1947-04-17,,1,,
133078,0000000,092390000000000,檜原村,,,,,,9239,,,0,1,,1947-04-17,,1,,
133078,0000000,092410000000000,檜原村,,,,,,9241,,,0,1,,1947-04-17,,1,,
133078,0000000,092450000000000,檜原村,,,,,,9245,,,0,1,,1947-04-17,,1,,
133078,0000000,092740000000000,檜原村,,,,,,9274,,,0,1,,1947-04-17,,1,,
133078,0000000,092750000000000,檜原村,,,,,,9275,,,0,1,,1947-04-17,,1,,
133078,0000000,092780000100000,檜原村,,,,,,9278,1,,0,1,,1947-04-17,,1,,
133078,0000000,092780000300000,檜原村,,,,,,9278,3,,0,1,,1947-04-17,,1,,
133078,0000000,092780001000000,檜原村,,,,,,9278,10,,0,1,,1947-04-17,,1,,
133078,0000000,092780001200000,檜原村,,,,,,9278,12,,0,1,,1947-04-17,,1,,
133078,0000000,092810000100000,檜原村,,,,,,9281,1,,0,1,,1947-04-17,,1,,
133078,0000000,092820000000000,檜原村,,,,,,9282,,,0,1,,1947-04-17,,1,,
133078,0000000,092830000100000,檜原村,,,,,,9283,1,,0,1,,1947-04-17,,1,,
133078,0000000,092840000000000,檜原村,,,,,,9284,,,0,1,,1947-04-17,,1,,
133078,0000000,092850000100000,檜原村,,,,,,9285,1,,0,1,,1947-04-17,,1,,
133078,0000000,092850000500000,檜原村,,,,,,9285,5,,0,1,,1947-04-17,,1,,
133078,0000000,092890000000000,檜原村,,,,,,9289,,,0,1,,1947-04-17,,1,,
133078,0000000,092910000000000,檜原村,,,,,,9291,,,0,1,,1947-04-17,,1,,
133078,0000000,092930000100000,檜原村,,,,,,9293,1,,0,1,,1947-04-17,,1,,
133078,0000000,092930000200000,檜原村,,,,,,9293,2,,0,1,,1947-04-17,,1,,
133078,0000000,092940000000000,檜原村,,,,,,9294,,,0,1,,1947-04-17,,1,,
133078,0000000,092950000000000,檜原村,,,,,,9295,,,0,1,,1947-04-17,,1,,
133078,0000000,092960000000000,檜原村,,,,,,9296,,,0,1,,1947-04-17,,1,,
133078,0000000,092970000000000,檜原村,,,,,,9297,,,0,1,,1947-04-17,,1,,
133078,0000000,092980000000000,檜原村,,,,,,9298,,,0,1,,1947-04-17,,1,,
133078,0000000,092990000100000,檜原村,,,,,,9299,1,,0,1,,1947-04-17,,1,,
133078,0000000,093000000100000,檜原村,,,,,,9300,1,,0,1,,1947-04-17,,1,,
133078,0000000,093010000000000,檜原村,,,,,,9301,,,0,1,,1947-04-17,,1,,
133078,0000000,093020000000000,檜原村,,,,,,9302,,,0,1,,1947-04-17,,1,,
133078,0000000,093060000000000,檜原村,,,,,,9306,,,0,1,,1947-04-17,,1,,
133078,0000000,093080000100000,檜原村,,,,,,9308,1,,0,1,,1947-04-17,,1,,
133078,0000000,093090000300000,檜原村,,,,,,9309,3,,0,1,,1947-04-17,,1,,
133078,0000000,093100000400000,檜原村,,,,,,9310,4,,0,1,,1947-04-17,,1,,
133078,0000000,093110000100000,檜原村,,,,,,9311,1,,0,1,,1947-04-17,,1,,
133078,0000000,093120000000000,檜原村,,,,,,9312,,,0,1,,1947-04-17,,1,,
133078,0000000,093130000000000,檜原村,,,,,,9313,,,0,1,,1947-04-17,,1,,
133078,0000000,093140000100000,檜原村,,,,,,9314,1,,0,1,,1947-04-17,,1,,
133078,0000000,093150000000000,檜原村,,,,,,9315,,,0,1,,1947-04-17,,1,,
133078,0000000,093160000100000,檜原村,,,,,,9316,1,,0,1,,1947-04-17,,1,,
133078,0000000,093160000200000,檜原村,,,,,,9316,2,,0,1,,1947-04-17,,1,,
133078,0000000,093170000000000,檜原村,,,,,,9317,,,0,1,,1947-04-17,,1,,
133078,0000000,093290000000000,檜原村,,,,,,9329,,,0,1,,1947-04-17,,1,,
133078,0000000,093300000000000,檜原村,,,,,,9330,,,0,1,,1947-04-17,,1,,
133078,0000000,093350000000000,檜原村,,,,,,9335,,,0,1,,1947-04-17,,1,,
133078,0000000,093380000000000,檜原村,,,,,,9338,,,0,1,,1947-04-17,,1,,
133078,0000000,093390000000000,檜原村,,,,,,9339,,,0,1,,1947-04-17,,1,,
133078,0000000,093410000000000,檜原村,,,,,,9341,,,0,1,,1947-04-17,,1,,
133078,0000000,093420000000000,檜原村,,,,,,9342,,,0,1,,1947-04-17,,1,,
133078,0000000,093460000200000,檜原村,,,,,,9346,2,,0,1,,1947-04-17,,1,,
133078,0000000,093470000000000,檜原村,,,,,,9347,,,0,1,,1947-04-17,,1,,
133078,0000000,093480000000000,檜原村,,,,,,9348,,,0,1,,1947-04-17,,1,,
133078,0000000,093490000100000,檜原村,,,,,,9349,1,,0,1,,1947-04-17,,1,,
133078,0000000,093510000000000,檜原村,,,,,,9351,,,0,1,,1947-04-17,,1,,
133078,0000000,093550000100000,檜原村,,,,,,9355,1,,0,1,,1947-04-17,,1,,
133078,0000000,093560000000000,檜原村,,,,,,9356,,,0,1,,1947-04-17,,1,,
133078,0000000,093580000100000,檜原村,,,,,,9358,1,,0,1,,1947-04-17,,1,,
133078,0000000,093600000100000,檜原村,,,,,,9360,1,,0,1,,1947-04-17,,1,,
133078,0000000,093610000100000,檜原村,,,,,,9361,1,,0,1,,1947-04-17,,1,,
133078,0000000,094200000100000,檜原村,,,,,,9420,1,,0,1,,1947-04-17,,1,,
133078,0000000,094450000000000,檜原村,,,,,,9445,,,0,1,,1947-04-17,,1,,
133078,0000000,094550000100000,檜原村,,,,,,9455,1,,0,1,,1947-04-17,,1,,
133078,0000000,094560000100000,檜原村,,,,,,9456,1,,0,1,,1947-04-17,,1,,
133078,0000000,094560000400000,檜原村,,,,,,9456,4,,0,1,,1947-04-17,,1,,
133078,0000000,094560000500000,檜原村,,,,,,9456,5,,0,1,,1947-04-17,,1,,
133078,0000000,094590000100000,檜原村,,,,,,9459,1,,0,1,,1947-04-17,,1,,
133078,0000000,094600000100000,檜原村,,,,,,9460,1,,0,1,,1947-04-17,,1,,
133078,0000000,094600000400000,檜原村,,,,,,9460,4,,0,1,,1947-04-17,,1,,
133078,0000000,094600000500000,檜原村,,,,,,9460,5,,0,1,,1947-04-17,,1,,
133078,0000000,094640000000000,檜原村,,,,,,9464,,,0,1,,1947-04-17,,1,,
133078,0000000,094710000000000,檜原村,,,,,,9471,,,0,1,,1947-04-17,,1,,
133078,0000000,094750000000000,檜原村,,,,,,9475,,,0,1,,1947-04-17,,1,,
133078,0000000,094770000100000,檜原村,,,,,,9477,1,,0,1,,1947-04-17,,1,,
133078,0000000,094770000400000,檜原村,,,,,,9477,4,,0,1,,1947-04-17,,1,,
133078,0000000,094770000800000,檜原村,,,,,,9477,8,,0,1,,1947-04-17,,1,,
133078,0000000,094780000000000,檜原村,,,,,,9478,,,0,1,,1947-04-17,,1,,
133078,0000000,094790000300000,檜原村,,,,,,9479,3,,0,1,,1947-04-17,,1,,
133078,0000000,094810000000000,檜原村,,,,,,9481,,,0,1,,1947-04-17,,1,,
133078,0000000,094820000000000,檜原村,,,,,,9482,,,0,1,,1947-04-17,,1,,
133078,0000000,094840000100000,檜原村,,,,,,9484,1,,0,1,,1947-04-17,,1,,
133078,0000000,094850000000000,檜原村,,,,,,9485,,,0,1,,1947-04-17,,1,,
133078,0000000,094860000000000,檜原村,,,,,,9486,,,0,1,,1947-04-17,,1,,
133078,0000000,094900000000000,檜原村,,,,,,9490,,,0,1,,1947-04-17,,1,,
133078,0000000,094910000000000,檜原村,,,,,,9491,,,0,1,,1947-04-17,,1,,
133078,0000000,094920000100000,檜原村,,,,,,9492,1,,0,1,,1947-04-17,,1,,
133078,0000000,094920000800000,檜原村,,,,,,9492,8,,0,1,,1947-04-17,,1,,
133078,0000000,094920001000000,檜原村,,,,,,9492,10,,0,1,,1947-04-17,,1,,
133078,0000000,094920001400000,檜原村,,,,,,9492,14,,0,1,,1947-04-17,,1,,
